{"cameraMode":{"drawMode":0,"name":"Shaded","section":"Shading Mode"},"sceneLighting":true,"audioPlay":false,"sceneViewState":{"m_AlwaysRefresh":false,"showFog":true,"showSkybox":true,"showFlares":true,"showImageEffects":true,"showParticleSystems":true,"showVisualEffectGraphs":true,"m_FxEnabled":true},"in2DMode":false,"pivot":{"x":-0.05535979941487312,"y":-0.012536671943962574,"z":-0.13423356413841248},"rotation":{"x":0.011668712832033635,"y":-0.0608612596988678,"z":-0.0007106710691004992,"w":-0.9980800747871399},"size":0.056487131863832477,"orthographic":false}